,Область,Год,Население
0,Республика Казахстан ,2000,14901641.0
16,г. Алматы,2000,1130439.0
15,г. Астана,2000,380990.0
14,Восточно-Казахстанская,2000,1516785.0
13,Туркестанская 1,2000,2005023.0
11,Павлодарская,2000,790774.0
10,Мангистауская,2000,315203.0
9,Кызылординская,2000,598526.0
12,Северо-Казахстанская,2000,713628.0
7,Карагандинская,2000,1390454.0
6,Жамбылская,2000,986144.0
5,Западно-Казахстанская,2000,609161.0
4,Атырауская,2000,441692.0
3,Алматинская,2000,1557141.0
2,Актюбинская,2000,677715.0
1,Акмолинская,2000,799179.0
8,Костанайская,2000,988787.0
26,Кызылординская,2001,599738.0
33,г. Алматы,2001,1128759.0
32,г. Астана,2001,440209.0
31,Восточно-Казахстанская,2001,1499097.0
30,Туркестанская 1,2001,2051351.0
28,Павлодарская,2001,772453.0
27,Мангистауская,2001,319191.0
25,Костанайская,2001,959274.0
29,Северо-Казахстанская,2001,702623.0
23,Жамбылская,2001,981928.0
22,Западно-Казахстанская,2001,601648.0
21,Атырауская,2001,443630.0
20,Алматинская,2001,1554320.0
19,Актюбинская,2001,670231.0
18,Акмолинская,2001,776377.0
17,Республика Казахстан ,2001,14865610.0
24,Карагандинская,2001,1364781.0
50,г. Алматы,2002,1132424.0
49,г. Астана,2002,493062.0
48,Восточно-Казахстанская,2002,1482550.0
47,Туркестанская 1,2002,2079506.0
46,Северо-Казахстанская,2002,691263.0
45,Павлодарская,2002,758154.0
44,Мангистауская,2002,328265.0
43,Кызылординская,2002,600972.0
42,Костанайская,2002,935717.0
40,Жамбылская,2002,979199.0
39,Западно-Казахстанская,2002,600330.0
38,Атырауская,2002,447634.0
37,Алматинская,2002,1554573.0
36,Актюбинская,2002,668166.0
35,Акмолинская,2002,755000.0
34,Республика Казахстан ,2002,14851059.0
41,Карагандинская,2002,1344244.0
61,Мангистауская,2003,338612.0
67,г. Алматы,2003,1149641.0
66,г. Астана,2003,501998.0
65,Восточно-Казахстанская,2003,1465931.0
64,Туркестанская 1,2003,2111893.0
63,Северо-Казахстанская,2003,682148.0
62,Павлодарская,2003,748651.0
60,Кызылординская,2003,603804.0
54,Алматинская,2003,1560267.0
58,Карагандинская,2003,1333656.0
57,Жамбылская,2003,980072.0
56,Западно-Казахстанская,2003,602133.0
55,Атырауская,2003,451928.0
59,Костанайская,2003,919558.0
53,Актюбинская,2003,668378.0
52,Акмолинская,2003,748167.0
51,Республика Казахстан ,2003,14866837.0
83,г. Астана,2004,510533.0
82,Восточно-Казахстанская,2004,1455412.0
81,Туркестанская 1,2004,2150256.0
80,Северо-Казахстанская,2004,674497.0
79,Павлодарская,2004,745238.0
78,Мангистауская,2004,349668.0
77,Кызылординская,2004,607491.0
76,Костанайская,2004,913435.0
84,г. Алматы,2004,1175208.0
74,Жамбылская,2004,985552.0
73,Западно-Казахстанская,2004,603832.0
72,Атырауская,2004,457215.0
71,Алматинская,2004,1571194.0
70,Актюбинская,2004,671812.0
69,Акмолинская,2004,748930.0
68,Республика Казахстан ,2004,14951200.0
75,Карагандинская,2004,1330927.0
101,г. Алматы,2005,1209485.0
100,г. Астана,2005,529335.0
99,Восточно-Казахстанская,2005,1442097.0
98,Туркестанская 1,2005,2193556.0
97,Северо-Казахстанская,2005,665936.0
96,Павлодарская,2005,743826.0
95,Мангистауская,2005,361754.0
94,Кызылординская,2005,612048.0
93,Костанайская,2005,907396.0
91,Жамбылская,2005,992089.0
90,Западно-Казахстанская,2005,606534.0
89,Атырауская,2005,463466.0
88,Алматинская,2005,1589751.0
87,Актюбинская,2005,678607.0
86,Акмолинская,2005,747185.0
85,Республика Казахстан ,2005,15074767.0
92,Карагандинская,2005,1331702.0
112,Мангистауская,2006,374430.0
118,г. Алматы,2006,1247896.0
117,г. Астана,2006,550438.0
116,Восточно-Казахстанская,2006,1431180.0
115,Туркестанская 1,2006,2233568.0
114,Северо-Казахстанская,2006,663126.0
113,Павлодарская,2006,742911.0
111,Кызылординская,2006,618249.0
105,Алматинская,2006,1603758.0
109,Карагандинская,2006,1334438.0
102,Республика Казахстан ,2006,15219291.0
103,Акмолинская,2006,746652.0
104,Актюбинская,2006,686698.0
110,Костанайская,2006,903178.0
106,Атырауская,2006,472384.0
107,Западно-Казахстанская,2006,609291.0
108,Жамбылская,2006,1001094.0
134,г. Астана,2007,574448.0
133,Восточно-Казахстанская,2007,1424513.0
132,Туркестанская 1,2007,2282474.0
131,Северо-Казахстанская,2007,660950.0
130,Павлодарская,2007,744860.0
129,Мангистауская,2007,390531.0
128,Кызылординская,2007,625070.0
127,Костанайская,2007,900333.0
135,г. Алматы,2007,1287246.0
125,Жамбылская,2007,1009210.0
124,Западно-Казахстанская,2007,612479.0
123,Атырауская,2007,480687.0
122,Алматинская,2007,1620696.0
121,Актюбинская,2007,695454.0
120,Акмолинская,2007,748559.0
119,Республика Казахстан ,2007,15396878.0
126,Карагандинская,2007,1339368.0
152,г. Алматы,2008,1324739.0
151,г. Астана,2008,602684.0
150,Восточно-Казахстанская,2008,1417384.0
149,Туркестанская 1,2008,2331505.0
148,Северо-Казахстанская,2008,653921.0
147,Павлодарская,2008,746454.0
146,Мангистауская,2008,407403.0
145,Кызылординская,2008,632234.0
144,Костанайская,2008,894192.0
142,Жамбылская,2008,1018845.0
141,Западно-Казахстанская,2008,615310.0
140,Атырауская,2008,490369.0
139,Алматинская,2008,1643278.0
137,Акмолинская,2008,747447.0
136,Республика Казахстан ,2008,15571506.0
143,Карагандинская,2008,1342081.0
138,Актюбинская,2008,703660.0
169,г. Алматы,2009,1361877.0
162,Кызылординская,2009,677734.0
168,г. Астана,2009,605254.0
167,Восточно-Казахстанская,2009,1396871.0
166,Туркестанская 1,2009,2462782.0
165,Северо-Казахстанская,2009,597534.0
164,Павлодарская,2009,742276.0
163,Мангистауская,2009,482631.0
161,Костанайская,2009,886329.0
159,Жамбылская,2009,1020796.0
158,Западно-Казахстанская,2009,598342.0
157,Атырауская,2009,509123.0
156,Алматинская,2009,1804005.0
155,Актюбинская,2009,756782.0
154,Акмолинская,2009,738827.0
153,Республика Казахстан ,2009,15982370.0
160,Карагандинская,2009,1341207.0
185,г. Астана,2010,649152.0
184,Восточно-Казахстанская,2010,1398073.0
183,Туркестанская 1,2010,2511580.0
182,Северо-Казахстанская,2010,592791.0
181,Павлодарская,2010,744395.0
180,Мангистауская,2010,503241.0
179,Кызылординская,2010,689011.0
178,Костанайская,2010,883379.0
186,г. Алматы,2010,1390610.0
176,Жамбылская,2010,1034487.0
175,Западно-Казахстанская,2010,603858.0
174,Атырауская,2010,520988.0
173,Алматинская,2010,1836162.0
172,Актюбинская,2010,763591.0
171,Акмолинская,2010,735134.0
170,Республика Казахстан ,2010,16203274.0
177,Карагандинская,2010,1346822.0
203,г. Алматы,2011,1413152.0
202,г. Астана,2011,697162.0
201,Восточно-Казахстанская,2011,1398078.0
200,Туркестанская 1,2011,2567611.0
199,Северо-Казахстанская,2011,589421.0
198,Павлодарская,2011,746224.0
197,Мангистауская,2011,524185.0
196,Кызылординская,2011,700511.0
195,Костанайская,2011,881656.0
193,Жамбылская,2011,1046260.0
192,Западно-Казахстанская,2011,608334.0
191,Атырауская,2011,532033.0
190,Алматинская,2011,1872844.0
189,Актюбинская,2011,777501.0
188,Акмолинская,2011,733281.0
187,Республика Казахстан ,2011,16440470.0
194,Карагандинская,2011,1352217.0
214,Мангистауская,2012,545789.0
220,г. Алматы,2012,1449366.0
219,г. Астана,2012,742868.0
218,Восточно-Казахстанская,2012,1395060.0
217,Туркестанская 1,2012,2621472.0
216,Северо-Казахстанская,2012,583772.0
215,Павлодарская,2012,747167.0
213,Кызылординская,2012,712899.0
204,Республика Казахстан ,2012,16673933.0
211,Карагандинская,2012,1357969.0
210,Жамбылская,2012,1055822.0
209,Западно-Казахстанская,2012,612581.0
208,Атырауская,2012,542959.0
207,Алматинская,2012,1908785.0
206,Актюбинская,2012,786390.0
205,Акмолинская,2012,731399.0
212,Костанайская,2012,879635.0
236,г. Астана,2013,778145.0
235,Восточно-Казахстанская,2013,1394068.0
234,Туркестанская 1,2013,2678739.0
233,Северо-Казахстанская,2013,579700.0
232,Павлодарская,2013,749201.0
231,Мангистауская,2013,567770.0
230,Кызылординская,2013,726692.0
229,Костанайская,2013,880116.0
237,г. Алматы,2013,1474849.0
227,Жамбылская,2013,1069785.0
226,Западно-Казахстанская,2013,617735.0
225,Атырауская,2013,555199.0
224,Алматинская,2013,1946831.0
223,Актюбинская,2013,795871.0
222,Акмолинская,2013,732768.0
221,Республика Казахстан ,2013,16910246.0
228,Карагандинская,2013,1362777.0
254,г. Алматы,2014,1506899.0
253,г. Астана,2014,814419.0
252,Восточно-Казахстанская,2014,1394388.0
251,Туркестанская 1,2014,2733053.0
250,Северо-Казахстанская,2014,575945.0
249,Павлодарская,2014,752914.0
248,Мангистауская,2014,587431.0
247,Кызылординская,2014,739726.0
246,Костанайская,2014,880968.0
244,Жамбылская,2014,1084369.0
243,Западно-Казахстанская,2014,624085.0
242,Атырауская,2014,567831.0
241,Алматинская,2014,1984572.0
240,Актюбинская,2014,808985.0
239,Акмолинская,2014,735612.0
238,Республика Казахстан ,2014,17160855.0
245,Карагандинская,2014,1369658.0
265,Мангистауская,2015,606843.0
271,г. Алматы,2015,1641444.0
270,г. Астана,2015,852803.0
269,Восточно-Казахстанская,2015,1395466.0
268,Туркестанская 1,2015,2787906.0
267,Северо-Казахстанская,2015,571830.0
266,Павлодарская,2015,755793.0
263,Костанайская,2015,881569.0
264,Кызылординская,2015,753001.0
261,Жамбылская,2015,1098489.0
260,Западно-Казахстанская,2015,630056.0
259,Атырауская,2015,581389.0
258,Алматинская,2015,1921888.0
257,Актюбинская,2015,822557.0
256,Акмолинская,2015,736560.0
255,Республика Казахстан ,2015,17415715.0
262,Карагандинская,2015,1378121.0
286,Восточно-Казахстанская,2016,1396019.0
288,г. Алматы,2016,1702766.0
287,г. Астана,2016,872584.0
285,Туркестанская 1,2016,2840871.0
284,Северо-Казахстанская,2016,569594.0
283,Павлодарская,2016,758594.0
282,Мангистауская,2016,626774.0
281,Кызылординская,2016,765058.0
280,Костанайская,2016,883806.0
279,Карагандинская,2016,1384810.0
273,Акмолинская,2016,744420.0
274,Актюбинская,2016,834808.0
275,Алматинская,2016,1947552.0
272,Республика Казахстан ,2016,17669896.0
277,Западно-Казахстанская,2016,636980.0
278,Жамбылская,2016,1110749.0
276,Атырауская,2016,594511.0
306,г. Шымкент,2017,912300.0
299,Мангистауская,2017,642824.0
305,г. Алматы,2017,1751308.0
304,г. Астана,2017,972692.0
303,Восточно-Казахстанская,2017,1389568.0
302,Туркестанская 1,2017,1966336.0
301,Северо-Казахстанская,2017,563300.0
300,Павлодарская,2017,757014.0
298,Кызылординская,2017,773143.0
289,Республика Казахстан ,2017,17918214.0
296,Карагандинская,2017,1382734.0
295,Жамбылская,2017,1115307.0
294,Западно-Казахстанская,2017,641513.0
293,Атырауская,2017,607528.0
292,Алматинская,2017,1983465.0
291,Актюбинская,2017,845679.0
290,Акмолинская,2017,734369.0
297,Костанайская,2017,879134.0
319,Северо-Казахстанская,2018,558584.0
318,Павлодарская,2018,754854.0
324,г. Шымкент,2018,952169.0
317,Мангистауская,2018,660317.0
321,Восточно-Казахстанская,2018,1383745.0
322,г. Астана,2018,1030577.0
323,г. Алматы,2018,1801993.0
320,Туркестанская 1,2018,1977028.0
316,Кызылординская,2018,783157.0
311,Атырауская,2018,620684.0
314,Карагандинская,2018,1380537.0
313,Жамбылская,2018,1117218.0
312,Западно-Казахстанская,2018,646927.0
310,Алматинская,2018,2017278.0
309,Актюбинская,2018,857711.0
308,Акмолинская,2018,738942.0
307,Республика Казахстан ,2018,18157337.0
315,Костанайская,2018,875616.0
342,г. Шымкент,2019,1009085.0
341,г. Алматы,2019,1854656.0
340,г. Астана,2019,1078384.0
339,Восточно-Казахстанская,2019,1378527.0
338,Туркестанская 1,2019,1983969.0
337,Северо-Казахстанская,2019,554517.0
336,Павлодарская,2019,753853.0
335,Мангистауская,2019,678199.0
334,Кызылординская,2019,794335.0
325,Республика Казахстан ,2019,18395567.0
332,Карагандинская,2019,1378532.0
331,Жамбылская,2019,1125440.0
330,Западно-Казахстанская,2019,652325.0
329,Атырауская,2019,633791.0
328,Алматинская,2019,2038935.0
327,Актюбинская,2019,869637.0
326,Акмолинская,2019,738587.0
333,Костанайская,2019,872795.0
354,Павлодарская,2020,752169.0
355,Северо-Казахстанская,2020,548755.0
356,Туркестанская 1,2020,2016037.0
353,Мангистауская,2020,698796.0
358,г. Астана,2020,1136156.0
359,г. Алматы,2020,1916822.0
360,г. Шымкент,2020,1038152.0
357,Восточно-Казахстанская,2020,1369597.0
352,Кызылординская,2020,803531.0
343,Республика Казахстан ,2020,18631779.0
350,Карагандинская,2020,1376882.0
349,Жамбылская,2020,1130099.0
348,Западно-Казахстанская,2020,656844.0
347,Атырауская,2020,645280.0
346,Алматинская,2020,2055724.0
345,Актюбинская,2020,881651.0
344,Акмолинская,2020,736735.0
351,Костанайская,2020,868549.0
372,Павлодарская,2021,751012.0
373,Северо-Казахстанская,2021,543735.0
374,Туркестанская 1,2021,2044742.0
377,г. Алматы,2021,1977258.0
378,г. Шымкент,2021,1074466.0
376,г. Астана,2021,1184411.0
371,Мангистауская,2021,719571.0
375,Восточно-Казахстанская,2021,1363797.0
370,Кызылординская,2021,814588.0
363,Актюбинская,2021,894333.0
368,Карагандинская,2021,1375938.0
367,Жамбылская,2021,1139192.0
366,Западно-Казахстанская,2021,661316.0
365,Атырауская,2021,657110.0
364,Алматинская,2021,2077967.0
362,Акмолинская,2021,735566.0
361,Республика Казахстан ,2021,18879552.0
369,Костанайская,2021,864550.0
391,Мангистауская,2022,745909.0
392,Павлодарская,2022,756511.0
393,Северо-Казахстанская,2022,539111.0
394,Туркестанская 1,2022,2088510.0
398,г. Алматы,2022,2101485.0
396,Восточно-Казахстанская,2022,732966.0
397,г. Астана,2022,1295711.0
399,г. Шымкент,2022,1162308.0
395,Ұлытау,2022,220913.0
389,Костанайская,2022,835686.0
390,Кызылординская,2022,823251.0
387,Жетісу,2022,698757.0
386,Жамбылская,2022,1209665.0
385,Западно-Казахстанская,2022,683327.0
384,Атырауская,2022,681241.0
383,Алматинская,2022,1478496.0
382,Актюбинская,2022,916750.0
381,Акмолинская,2022,785708.0
380,Абай,2022,611888.0
379,Республика Казахстан ,2022,19503159.0
388,Карагандинская,2022,1134966.0
413,Павлодарская,2023,754949.0
414,Северо-Казахстанская,2023,534108.0
415,Туркестанская 1,2023,2119320.0
416,Ұлытау,2023,221426.0
412,Мангистауская,2023,767107.0
418,г. Астана,2023,1354507.0
419,г. Алматы,2023,2161797.0
420,г. Шымкент,2023,1192120.0
417,Восточно-Казахстанская,2023,730236.0
411,Кызылординская,2023,833676.0
402,Акмолинская,2023,788023.0
409,Карагандинская,2023,1134854.0
408,Жетісу,2023,698729.0
407,Жамбылская,2023,1218170.0
406,Западно-Казахстанская,2023,688129.0
405,Атырауская,2023,693085.0
404,Алматинская,2023,1505968.0
403,Актюбинская,2023,928161.0
401,Абай,2023,610205.0
400,Республика Казахстан ,2023,19766807.0
410,Костанайская,2023,832237.0
907,г. Астана,2024,1265413.1739130467
610,Жетісу,2024,698701.0
448,Акмолинская,2024,742170.9130434784
529,Атырауская,2024,688351.8913043477
745,Мангистауская,2024,788557.7463768125
637,Западно-Казахстанская,2024,667948.2826086953
502,Алматинская,2024,1985778.5615942068
853,Туркестанская 1,2024,2301252.510869565
475,Актюбинская,2024,931664.923913043
826,Северо-Казахстанская,2024,508367.14130434766
880,г. Алматы,2024,2075459.2065217346
664,Карагандинская,2024,1304367.4130434785
691,Костанайская,2024,837765.9130434785
718,Кызылординская,2024,849488.7355072461
772,Павлодарская,2024,749941.1050724639
961,Ұлытау,2024,221939.0
421,Абай,2024,608522.0
934,г. Шымкент,2024,1237959.8571428657
799,Республика Казахстан ,2024,19512686.275362372
583,Жамбылская,2024,1185717.076086957
556,Восточно-Казахстанская,2024,1138299.9746376872
773,Павлодарская,2025,749702.2368115943
611,Жетісу,2025,698673.0
935,г. Шымкент,2025,1285285.5357142985
638,Западно-Казахстанская,2025,671307.2452173913
854,Туркестанская 1,2025,2302555.7517391304
962,Ұлытау,2025,222452.0
476,Актюбинская,2025,943994.3578260876
881,г. Алматы,2025,2120522.213043466
422,Абай,2025,606839.0
692,Костанайская,2025,833427.536086956
557,Восточно-Казахстанская,2025,1120525.9459420294
665,Карагандинская,2025,1301484.5560869565
503,Алматинская,2025,2002522.6798550747
746,Мангистауская,2025,809834.2194202915
719,Кызылординская,2025,861153.0176811591
800,Республика Казахстан ,2025,19735674.634058
827,Северо-Казахстанская,2025,500333.88260869496
908,г. Астана,2025,1304484.487826094
584,Жамбылская,2025,1195541.1721739136
449,Акмолинская,2025,741666.4960869566
530,Атырауская,2025,699780.8526086956
720,Кызылординская,2026,872817.299855072
666,Карагандинская,2026,1298601.6991304345
909,г. Астана,2026,1343555.8017391413
936,г. Шымкент,2026,1332611.2142857164
693,Костанайская,2026,829089.1591304336
558,Восточно-Казахстанская,2026,1102751.917246379
828,Северо-Казахстанская,2026,492300.6239130441
612,Жетісу,2026,698645.0
585,Жамбылская,2026,1205365.2682608701
882,г. Алматы,2026,2165585.2195652127
423,Абай,2026,605156.0
504,Алматинская,2026,2019266.7981159426
477,Актюбинская,2026,956323.7917391323
639,Западно-Казахстанская,2026,674666.2078260863
774,Павлодарская,2026,749463.3685507248
747,Мангистауская,2026,831110.6924637705
450,Акмолинская,2026,741162.0791304349
963,Ұлытау,2026,222965.0
801,Республика Казахстан ,2026,19958662.992753625
531,Атырауская,2026,711209.8139130436
855,Туркестанская 1,2026,2303858.9926086958
586,Жамбылская,2027,1215189.3643478267
910,г. Астана,2027,1382627.1156521738
532,Атырауская,2027,722638.7752173916
883,г. Алматы,2027,2210648.2260869443
505,Алматинская,2027,2036010.9163768105
613,Жетісу,2027,698617.0
667,Карагандинская,2027,1295718.8421739135
640,Западно-Казахстанская,2027,678025.1704347823
937,г. Шымкент,2027,1379936.8928571492
694,Костанайская,2027,824750.782173913
559,Восточно-Казахстанская,2027,1084977.8885507286
856,Туркестанская 1,2027,2305162.2334782607
748,Мангистауская,2027,852387.1655072495
451,Акмолинская,2027,740657.6621739131
829,Северо-Казахстанская,2027,484267.3652173914
964,Ұлытау,2027,223478.0
721,Кызылординская,2027,884481.582028985
775,Павлодарская,2027,749224.5002898552
478,Актюбинская,2027,968653.2256521769
802,Республика Казахстан ,2027,20181651.35144931
424,Абай,2027,603473.0
776,Павлодарская,2028,748985.6320289855
803,Республика Казахстан ,2028,20404639.710144937
425,Абай,2028,601790.0
830,Северо-Казахстанская,2028,476234.1065217387
533,Атырауская,2028,734067.7365217395
749,Мангистауская,2028,873663.6385507286
911,г. Астана,2028,1421698.429565221
452,Акмолинская,2028,740153.2452173914
560,Восточно-Казахстанская,2028,1067203.8598550782
587,Жамбылская,2028,1225013.4604347833
614,Жетісу,2028,698589.0
668,Карагандинская,2028,1292835.9852173915
506,Алматинская,2028,2052755.0346376859
695,Костанайская,2028,820412.4052173905
857,Туркестанская 1,2028,2306465.474347826
479,Актюбинская,2028,980982.6595652178
884,г. Алматы,2028,2255711.232608691
965,Ұлытау,2028,223991.0
641,Западно-Казахстанская,2028,681384.1330434782
938,г. Шымкент,2028,1427262.571428582
722,Кызылординская,2028,896145.864202898
939,г. Шымкент,2029,1474588.25
804,Республика Казахстан ,2029,20627628.068840623
561,Восточно-Казахстанская,2029,1049429.8311594278
912,г. Астана,2029,1460769.7434782684
858,Туркестанская 1,2029,2307768.715217391
426,Абай,2029,600107.0
696,Костанайская,2029,816074.0282608699
777,Павлодарская,2029,748746.763768116
588,Жамбылская,2029,1234837.5565217398
615,Жетісу,2029,698561.0
507,Алматинская,2029,2069499.1528985538
480,Актюбинская,2029,993312.0934782624
642,Западно-Казахстанская,2029,684743.0956521733
669,Карагандинская,2029,1289953.1282608695
966,Ұлытау,2029,224504.0
453,Акмолинская,2029,739648.8282608696
831,Северо-Казахстанская,2029,468200.84782608785
750,Мангистауская,2029,894940.1115942076
885,г. Алматы,2029,2300774.2391304225
723,Кызылординская,2029,907810.146376811
534,Атырауская,2029,745496.6978260875
778,Павлодарская,2030,748507.8955072465
697,Костанайская,2030,811735.6513043474
643,Западно-Казахстанская,2030,688102.0582608692
832,Северо-Казахстанская,2030,460167.58913043514
886,г. Алматы,2030,2345837.245652169
724,Кызылординская,2030,919474.4285507239
913,г. Астана,2030,1499841.0573913157
562,Восточно-Казахстанская,2030,1031655.8024637699
589,Жамбылская,2030,1244661.6526086964
859,Туркестанская 1,2030,2309071.9560869564
670,Карагандинская,2030,1287070.2713043476
616,Жетісу,2030,698533.0
751,Мангистауская,2030,916216.5846376866
805,Республика Казахстан ,2030,20850616.42753625
427,Абай,2030,598424.0
454,Акмолинская,2030,739144.4113043479
508,Алматинская,2030,2086243.2711594217
940,г. Шымкент,2030,1521913.9285714328
967,Ұлытау,2030,225017.0
535,Атырауская,2030,756925.6591304354
481,Актюбинская,2030,1005641.527391307
617,Жетісу,2031,698505.0
509,Алматинская,2031,2102987.3894202895
482,Актюбинская,2031,1017970.961304348
752,Мангистауская,2031,937493.0576811656
671,Карагандинская,2031,1284187.4143478265
860,Туркестанская 1,2031,2310375.196956522
590,Жамбылская,2031,1254485.748695653
725,Кызылординская,2031,931138.7107246369
455,Акмолинская,2031,738639.9943478262
779,Павлодарская,2031,748269.027246377
644,Западно-Казахстанская,2031,691461.0208695652
914,г. Астана,2031,1538912.371304348
968,Ұлытау,2031,225530.0
698,Костанайская,2031,807397.274347825
806,Республика Казахстан ,2031,21073604.786231935
536,Атырауская,2031,768354.6204347834
428,Абай,2031,596741.0
833,Северо-Казахстанская,2031,452134.33043478243
941,г. Шымкент,2031,1569239.6071428657
563,Восточно-Казахстанская,2031,1013881.7737681195
887,г. Алматы,2031,2390900.2521739006
888,г. Алматы,2032,2435963.258695647
969,Ұлытау,2032,226043.0
753,Мангистауская,2032,958769.5307246447
672,Карагандинская,2032,1281304.5573913045
780,Павлодарская,2032,748030.1589855073
942,г. Шымкент,2032,1616565.2857142985
537,Атырауская,2032,779783.5817391314
861,Туркестанская 1,2032,2311678.4378260868
591,Жамбылская,2032,1264309.8447826095
618,Жетісу,2032,698477.0
510,Алматинская,2032,2119731.5076811574
483,Актюбинская,2032,1030300.3952173926
807,Республика Казахстан ,2032,21296593.14492756
915,г. Астана,2032,1577983.6852173954
645,Западно-Казахстанская,2032,694819.9834782602
564,Восточно-Казахстанская,2032,996107.7450724691
726,Кызылординская,2032,942802.9928985499
456,Акмолинская,2032,738135.5773913044
834,Северо-Казахстанская,2032,444101.0717391297
429,Абай,2032,595058.0
699,Костанайская,2032,803058.8973913044
619,Жетісу,2033,698449.0
673,Карагандинская,2033,1278421.7004347825
754,Мангистауская,2033,980046.0037681237
646,Западно-Казахстанская,2033,698178.9460869562
511,Алматинская,2033,2136475.625942033
727,Кызылординская,2033,954467.2750724629
457,Акмолинская,2033,737631.1604347827
889,г. Алматы,2033,2481026.2652173787
835,Северо-Казахстанская,2033,436067.8130434789
430,Абай,2033,593375.0
862,Туркестанская 1,2033,2312981.678695652
484,Актюбинская,2033,1042629.8291304372
808,Республика Казахстан ,2033,21519581.503623188
781,Павлодарская,2033,747791.2907246378
565,Восточно-Казахстанская,2033,978333.7163768187
916,г. Астана,2033,1617054.9991304427
970,Ұлытау,2033,226556.0
700,Костанайская,2033,798720.5204347819
943,г. Шымкент,2033,1663890.9642857164
538,Атырауская,2033,791212.5430434793
592,Жамбылская,2033,1274133.940869566
917,г. Астана,2034,1656126.31304349
728,Кызылординская,2034,966131.5572463758
647,Западно-Казахстанская,2034,701537.9086956521
809,Республика Казахстан ,2034,21742569.862318873
485,Актюбинская,2034,1054959.2630434781
458,Акмолинская,2034,737126.7434782609
512,Алматинская,2034,2153219.7442029007
944,г. Шымкент,2034,1711216.6428571492
593,Жамбылская,2034,1283958.0369565226
431,Абай,2034,591692.0
863,Туркестанская 1,2034,2314284.919565217
782,Павлодарская,2034,747552.4224637682
701,Костанайская,2034,794382.1434782613
890,г. Алматы,2034,2526089.2717391253
566,Восточно-Казахстанская,2034,960559.6876811609
539,Атырауская,2034,802641.5043478273
755,Мангистауская,2034,1001322.4768115953
836,Северо-Казахстанская,2034,428034.55434782617
620,Жетісу,2034,698421.0
674,Карагандинская,2034,1275538.8434782606
971,Ұлытау,2034,227069.0
486,Актюбинская,2035,1067288.6969565228
729,Кызылординская,2035,977795.8394202888
459,Акмолинская,2035,736622.3265217392
864,Туркестанская 1,2035,2315588.1604347825
837,Северо-Казахстанская,2035,420001.29565217346
675,Карагандинская,2035,1272655.9865217395
702,Костанайская,2035,790043.7665217388
945,г. Шымкент,2035,1758542.321428582
567,Восточно-Казахстанская,2035,942785.6589855105
432,Абай,2035,590009.0
918,г. Астана,2035,1695197.6269565225
810,Республика Казахстан ,2035,21965558.2210145
648,Западно-Казахстанская,2035,704896.8713043472
513,Алматинская,2035,2169963.8624637686
594,Жамбылская,2035,1293782.1330434792
972,Ұлытау,2035,227582.0
891,г. Алматы,2035,2571152.278260857
540,Атырауская,2035,814070.4656521715
783,Павлодарская,2035,747313.5542028986
621,Жетісу,2035,698393.0
756,Мангистауская,2035,1022598.9498550743
595,Жамбылская,2036,1303606.2291304357
541,Атырауская,2036,825499.4269565195
487,Актюбинская,2036,1079618.1308695674
919,г. Астана,2036,1734268.9408695698
784,Павлодарская,2036,747074.6859420291
811,Республика Казахстан ,2036,22188546.579710186
568,Восточно-Казахстанская,2036,925011.6302898601
703,Костанайская,2036,785705.3895652164
433,Абай,2036,588326.0
865,Туркестанская 1,2036,2316891.401304348
946,г. Шымкент,2036,1805868.0
649,Западно-Казахстанская,2036,708255.8339130431
838,Северо-Казахстанская,2036,411968.0369565226
730,Кызылординская,2036,989460.1215942018
514,Алматинская,2036,2186707.9807246365
973,Ұлытау,2036,228095.0
892,г. Алматы,2036,2616215.2847826034
757,Мангистауская,2036,1043875.4228985533
676,Карагандинская,2036,1269773.1295652175
460,Акмолинская,2036,736117.9095652174
622,Жетісу,2036,698365.0
704,Костанайская,2037,781367.0126086958
434,Абай,2037,586643.0
785,Павлодарская,2037,746835.8176811596
812,Республика Казахстан ,2037,22411534.93840581
731,Кызылординская,2037,1001124.4037681147
839,Северо-Казахстанская,2037,403934.7782608699
461,Акмолинская,2037,735613.4926086958
758,Мангистауская,2037,1065151.8959420323
974,Ұлытау,2037,228608.0
920,г. Астана,2037,1773340.254782617
569,Восточно-Казахстанская,2037,907237.6015942097
947,г. Шымкент,2037,1853193.6785714328
650,Западно-Казахстанская,2037,711614.7965217391
866,Туркестанская 1,2037,2318194.642173913
677,Карагандинская,2037,1266890.2726086956
542,Атырауская,2037,836928.3882608674
596,Жамбылская,2037,1313430.3252173923
515,Алматинская,2037,2203452.098985512
488,Актюбинская,2037,1091947.5647826083
623,Жетісу,2037,698337.0
893,г. Алматы,2037,2661278.291304335
489,Актюбинская,2038,1104276.998695653
840,Северо-Казахстанская,2038,395901.5195652172
651,Западно-Казахстанская,2038,714973.7591304341
516,Алматинская,2038,2220196.2172463797
975,Ұлытау,2038,229121.0
732,Кызылординская,2038,1012788.6859420277
435,Абай,2038,584960.0
597,Жамбылская,2038,1323254.4213043489
543,Атырауская,2038,848357.3495652154
786,Павлодарская,2038,746596.94942029
813,Республика Казахстан ,2038,22634523.297101498
570,Восточно-Казахстанская,2038,889463.5728985518
921,г. Астана,2038,1812411.5686956644
759,Мангистауская,2038,1086428.3689855114
867,Туркестанская 1,2038,2319497.8830434782
624,Жетісу,2038,698309.0
894,г. Алматы,2038,2706341.2978260815
705,Костанайская,2038,777028.6356521733
462,Акмолинская,2038,735109.075652174
678,Карагандинская,2038,1264007.4156521736
948,г. Шымкент,2038,1900519.3571428657
895,г. Алматы,2039,2751404.304347813
841,Северо-Казахстанская,2039,387868.2608695645
760,Мангистауская,2039,1107704.8420289904
976,Ұлытау,2039,229634.0
436,Абай,2039,583277.0
598,Жамбылская,2039,1333078.5173913054
679,Карагандинская,2039,1261124.5586956525
544,Атырауская,2039,859786.3108695634
490,Актюбинская,2039,1116606.4326086976
787,Павлодарская,2039,746358.0811594203
814,Республика Казахстан ,2039,22857511.655797124
922,г. Астана,2039,1851482.8826086968
571,Восточно-Казахстанская,2039,871689.5442029014
706,Костанайская,2039,772690.2586956508
463,Акмолинская,2039,734604.6586956523
625,Жетісу,2039,698281.0
949,г. Шымкент,2039,1947845.0357142985
868,Туркестанская 1,2039,2320801.1239130436
733,Кызылординская,2039,1024452.9681159407
517,Алматинская,2039,2236940.3355072476
652,Западно-Казахстанская,2039,718332.7217391301
599,Жамбылская,2040,1342902.613478262
788,Павлодарская,2040,746119.2128985508
626,Жетісу,2040,698253.0
545,Атырауская,2040,871215.2721739113
437,Абай,2040,581594.0
923,г. Астана,2040,1890554.1965217441
815,Республика Казахстан ,2040,23080500.01449281
680,Карагандинская,2040,1258241.7017391305
572,Восточно-Казахстанская,2040,853915.515507251
653,Западно-Казахстанская,2040,721691.684347826
842,Северо-Казахстанская,2040,379835.00217391364
518,Алматинская,2040,2253684.4537681155
464,Акмолинская,2040,734100.2417391306
950,г. Шымкент,2040,1995170.7142857164
491,Актюбинская,2040,1128935.8665217385
977,Ұлытау,2040,230147.0
869,Туркестанская 1,2040,2322104.3647826086
761,Мангистауская,2040,1128981.3150724694
734,Кызылординская,2040,1036117.2502898537
896,г. Алматы,2040,2796467.3108695596
707,Костанайская,2040,768351.8817391302
924,г. Астана,2041,1929625.5104347914
708,Костанайская,2041,764013.5047826078
951,г. Шымкент,2041,2042496.3928571492
735,Кызылординская,2041,1047781.5324637666
789,Павлодарская,2041,745880.3446376813
573,Восточно-Казахстанская,2041,836141.4868116006
546,Атырауская,2041,882644.2334782593
627,Жетісу,2041,698225.0
681,Карагандинская,2041,1255358.8447826086
519,Алматинская,2041,2270428.5720289834
465,Акмолинская,2041,733595.8247826088
492,Актюбинская,2041,1141265.300434783
762,Мангистауская,2041,1150257.7881159484
978,Ұлытау,2041,230660.0
816,Республика Казахстан ,2041,23303488.373188436
438,Абай,2041,579911.0
870,Туркестанская 1,2041,2323407.605652174
654,Западно-Казахстанская,2041,725050.6469565211
843,Северо-Казахстанская,2041,371801.74347826093
897,г. Алматы,2041,2841530.3173912913
600,Жамбылская,2041,1352726.7095652185
817,Республика Казахстан ,2042,23526476.731884062
898,г. Алматы,2042,2886593.323913038
952,г. Шымкент,2042,2089822.071428582
844,Северо-Казахстанская,2042,363768.4847826082
871,Туркестанская 1,2042,2324710.846521739
925,г. Астана,2042,1968696.8243478388
979,Ұлытау,2042,231173.0
493,Актюбинская,2042,1153594.7343478277
466,Акмолинская,2042,733091.4078260871
439,Абай,2042,578228.0
682,Карагандинская,2042,1252475.9878260866
601,Жамбылская,2042,1362550.805652175
763,Мангистауская,2042,1171534.2611594275
574,Восточно-Казахстанская,2042,818367.4581159428
547,Атырауская,2042,894073.1947826073
709,Костанайская,2042,759675.1278260872
736,Кызылординская,2042,1059445.8146376796
655,Западно-Казахстанская,2042,728409.609565217
790,Павлодарская,2042,745641.4763768117
628,Жетісу,2042,698197.0
520,Алматинская,2042,2287172.6902898587
575,Восточно-Казахстанская,2043,800593.4294202924
629,Жетісу,2043,698169.0
440,Абай,2043,576545.0
683,Карагандинская,2043,1249593.1308695655
980,Ұлытау,2043,231686.0
710,Костанайская,2043,755336.7508695647
764,Мангистауская,2043,1192810.7342029065
602,Жамбылская,2043,1372374.9017391317
656,Западно-Казахстанская,2043,731768.572173913
872,Туркестанская 1,2043,2326014.0873913043
548,Атырауская,2043,905502.1560869552
926,г. Астана,2043,2007768.1382608712
791,Павлодарская,2043,745402.6081159422
737,Кызылординская,2043,1071110.0968115926
494,Актюбинская,2043,1165924.1682608724
845,Северо-Казахстанская,2043,355735.2260869574
899,г. Алматы,2043,2931656.3304347694
467,Акмолинская,2043,732586.9908695653
818,Республика Казахстан ,2043,23749465.09057975
521,Алматинская,2043,2303916.8085507266
953,г. Шымкент,2043,2137147.75
603,Жамбылская,2044,1382198.9978260882
684,Карагандинская,2044,1246710.2739130436
711,Костанайская,2044,750998.3739130422
873,Туркестанская 1,2044,2327317.3282608697
900,г. Алматы,2044,2976719.336956516
657,Западно-Казахстанская,2044,735127.534782608
468,Акмолинская,2044,732082.5739130436
576,Восточно-Казахстанская,2044,782819.400724642
441,Абай,2044,574862.0
549,Атырауская,2044,916931.1173913032
522,Алматинская,2044,2320660.9268115945
765,Мангистауская,2044,1214087.207246378
981,Ұлытау,2044,232199.0
819,Республика Казахстан ,2044,23972453.449275374
792,Павлодарская,2044,745163.7398550726
738,Кызылординская,2044,1082774.3789855056
927,г. Астана,2044,2046839.4521739185
954,г. Шымкент,2044,2184473.428571433
630,Жетісу,2044,698141.0
495,Актюбинская,2044,1178253.6021739133
846,Северо-Казахстанская,2044,347701.9673913047
793,Павлодарская,2045,744924.8715942029
982,Ұлытау,2045,232712.0
523,Алматинская,2045,2337405.0450724624
658,Западно-Казахстанская,2045,738486.497391304
469,Акмолинская,2045,731578.1569565218
604,Жамбылская,2045,1392023.0939130448
820,Республика Казахстан ,2045,24195441.80797106
496,Актюбинская,2045,1190583.036086958
874,Туркестанская 1,2045,2328620.5691304347
550,Атырауская,2045,928360.0786956511
631,Жетісу,2045,698113.0
766,Мангистауская,2045,1235363.680289857
442,Абай,2045,573179.0
955,г. Шымкент,2045,2231799.1071428657
712,Костанайская,2045,746659.9969565216
928,г. Астана,2045,2085910.7660869658
685,Карагандинская,2045,1243827.4169565216
901,г. Алматы,2045,3021782.3434782475
577,Восточно-Казахстанская,2045,765045.3720289916
739,Кызылординская,2045,1094438.6611594185
847,Северо-Казахстанская,2045,339668.70869565196
551,Атырауская,2046,939789.0399999991
956,г. Шымкент,2046,2279124.7857142985
578,Восточно-Казахстанская,2046,747271.3433333337
929,г. Астана,2046,2124982.080000013
524,Алматинская,2046,2354149.1633333378
470,Акмолинская,2046,731073.7400000001
902,г. Алматы,2046,3066845.349999994
605,Жамбылская,2046,1401847.1900000013
713,Костанайская,2046,742321.6199999992
794,Павлодарская,2046,744686.0033333334
821,Республика Казахстан ,2046,24418430.166666687
983,Ұлытау,2046,233225.0
767,Мангистауская,2046,1256640.153333336
740,Кызылординская,2046,1106102.9433333315
848,Северо-Казахстанская,2046,331635.44999999925
632,Жетісу,2046,698085.0
443,Абай,2046,571496.0
686,Карагандинская,2046,1240944.5599999996
497,Актюбинская,2046,1202912.4700000025
659,Западно-Казахстанская,2046,741845.46
875,Туркестанская 1,2046,2329923.81
660,Западно-Казахстанская,2047,745204.422608695
849,Северо-Казахстанская,2047,323602.1913043484
714,Костанайская,2047,737983.2430434786
606,Жамбылская,2047,1411671.286086958
741,Кызылординская,2047,1117767.2255072445
552,Атырауская,2047,951218.0013043471
930,г. Астана,2047,2164053.3939130455
471,Акмолинская,2047,730569.3230434783
822,Республика Казахстан ,2047,24641418.525362372
525,Алматинская,2047,2370893.2815942056
498,Актюбинская,2047,1215241.9039130434
984,Ұлытау,2047,233738.0
795,Павлодарская,2047,744447.1350724639
768,Мангистауская,2047,1277916.6263768151
957,г. Шымкент,2047,2326450.4642857164
633,Жетісу,2047,698057.0
444,Абай,2047,569813.0
903,г. Алматы,2047,3111908.3565217257
687,Карагандинская,2047,1238061.7030434785
579,Восточно-Казахстанская,2047,729497.3146376833
876,Туркестанская 1,2047,2331227.050869565
877,Туркестанская 1,2048,2332530.2917391304
499,Актюбинская,2048,1227571.337826088
796,Павлодарская,2048,744208.2668115944
634,Жетісу,2048,698029.0
985,Ұлытау,2048,234251.0
904,г. Алматы,2048,3156971.363043472
769,Мангистауская,2048,1299193.0994202942
526,Алматинская,2048,2387637.3998550735
661,Западно-Казахстанская,2048,748563.385217391
823,Республика Казахстан ,2048,24864406.884058
445,Абай,2048,568130.0
607,Жамбылская,2048,1421495.3821739145
742,Кызылординская,2048,1129431.5076811574
931,г. Астана,2048,2203124.707826093
958,г. Шымкент,2048,2373776.1428571492
580,Восточно-Казахстанская,2048,711723.2859420329
715,Костанайская,2048,733644.8660869561
688,Карагандинская,2048,1235178.8460869566
850,Северо-Казахстанская,2048,315568.9326086957
553,Атырауская,2048,962646.962608695
472,Акмолинская,2048,730064.9060869566
986,Ұлытау,2049,234764.0
473,Акмолинская,2049,729560.4891304349
959,г. Шымкент,2049,2421101.821428582
446,Абай,2049,566447.0
797,Павлодарская,2049,743969.3985507247
689,Карагандинская,2049,1232295.9891304346
608,Жамбылская,2049,1431319.478260871
716,Костанайская,2049,729306.4891304336
905,г. Алматы,2049,3202034.3695652187
662,Западно-Казахстанская,2049,751922.3478260869
743,Кызылординская,2049,1141095.7898550704
500,Актюбинская,2049,1239900.7717391327
851,Северо-Казахстанская,2049,307535.673913043
878,Туркестанская 1,2049,2333833.532608696
824,Республика Казахстан ,2049,25087395.242753625
554,Атырауская,2049,974075.923913043
932,г. Астана,2049,2242196.02173914
770,Мангистауская,2049,1320469.5724637732
527,Алматинская,2049,2404381.5181159414
581,Восточно-Казахстанская,2049,693949.2572463825
635,Жетісу,2049,698001.0
690,Карагандинская,2050,1229413.1321739135
501,Актюбинская,2050,1252230.2056521736
744,Кызылординская,2050,1152760.0720289834
825,Республика Казахстан ,2050,25310383.60144931
771,Мангистауская,2050,1341746.0455072522
852,Северо-Казахстанская,2050,299502.41521739215
717,Костанайская,2050,724968.112173913
879,Туркестанская 1,2050,2335136.7734782607
447,Абай,2050,564764.0
636,Жетісу,2050,697973.0
609,Жамбылская,2050,1441143.5743478276
798,Павлодарская,2050,743730.5302898552
474,Акмолинская,2050,729056.0721739131
906,г. Алматы,2050,3247097.3760869503
960,г. Шымкент,2050,2468427.5
582,Восточно-Казахстанская,2050,676175.2285507321
555,Атырауская,2050,985504.885217391
933,г. Астана,2050,2281267.3356521726
528,Алматинская,2050,2421125.6363768093
663,Западно-Казахстанская,2050,755281.310434782
987,Ұлытау,2050,235277.0
